last_name, first_name,player_id,attempts,avg_hit_angle,anglesweetspotpercent,max_hit_speed,avg_hit_speed,fbld,gb,max_distance,avg_distance,avg_hr_distance,ev95plus,ev95percent,barrels,brl_percent,brl_pa
Leake, Mike,502190,671,11.5,31.6,114.4,90.4,94.0,88.5,463,173,404,286,42.9,59,8.8,7.1
Gonzales, Marco,594835,657,14.6,32.1,112.9,88.0,93.0,84.6,447,172,395,222,35.0,34,5.2,3.9
Nova, Ivan,467100,635,10.3,34.6,118.9,88.1,93.2,84.4,440,160,396,243,38.4,46,7.2,5.7
Anderson, Brett,474463,600,4.5,30.5,115.1,88.8,94.6,85.6,455,142,417,239,39.8,44,7.3,5.9
Alcantara, Sandy,645261,598,11.0,29.9,111.7,86.7,92.3,82.6,444,164,404,205,34.3,39,6.5,4.7
Greinke, Zack,425844,589,10.3,34.1,114.0,86.8,91.7,83.3,432,165,398,193,32.8,37,6.3,4.6
Minor, Mike,501985,588,16.4,31.6,113.1,86.4,90.2,84.1,474,174,402,178,30.3,41,7.0,4.8
Berrios, Jose,621244,587,13.6,34.2,115.2,86.5,91.2,83.0,441,172,404,188,32.0,38,6.5,4.5
Bumgarner, Madison,518516,587,17.4,36.1,113.2,89.4,92.8,86.3,473,192,404,243,41.5,53,9.0,6.3
Wheeler, Zack,554430,580,11.5,34.5,117.6,86.2,90.4,83.0,447,167,404,187,32.2,31,5.3,3.7
Mikolas, Miles,571945,576,9.8,34.2,112.9,87.8,92.4,84.8,429,164,397,202,36.3,36,6.3,4.7
Porcello, Rick,519144,573,15.5,34.9,116.1,88.1,93.6,83.1,452,183,397,213,37.2,55,9.6,7.2
Tanaka, Masahiro,547888,568,10.9,33.1,113.0,88.7,93.2,86.2,455,160,404,212,37.5,35,6.2,4.6
Lopez, Reynaldo,625643,567,17.6,36.3,114.2,88.6,92.7,85.3,505,193,402,217,38.3,43,7.6,5.3
Syndergaard, Noah,592789,567,9.3,29.8,111.0,86.3,90.4,83.8,447,153,401,176,31.2,28,4.9,3.4
Rodriguez, Eduardo,593958,564,9.1,31.2,111.9,85.7,90.9,82.2,455,160,403,161,28.5,33,5.9,3.8
Lynn, Lance,458681,562,13.6,35.1,113.5,87.4,91.3,84.6,454,179,407,185,33.8,33,5.9,3.8
Kelly, Merrill,518876,558,12.0,33.2,112.7,89.2,93.5,85.6,443,177,405,222,39.8,53,9.5,6.8
Bauer, Trevor,545333,557,16.0,33.8,111.9,88.1,92.4,85.1,451,183,396,208,37.3,48,8.6,5.3
Stroman, Marcus,573186,555,5.2,27.4,113.9,87.5,92.7,84.8,426,139,384,195,35.2,23,4.1,3.0
Bieber, Shane,669456,554,12.3,33.8,113.5,90.4,93.9,88.1,447,172,391,230,43.1,48,8.7,5.6
Kikuchi, Yusei,579328,549,12.2,32.8,115.1,88.6,93.2,86.2,462,169,398,206,38.6,42,7.7,5.8
Samardzija, Jeff,502188,545,16.3,34.7,117.9,88.9,93.6,84.2,440,194,404,203,37.3,46,8.4,6.2
Quintana, Jose,500779,544,10.6,35.7,114.2,88.9,92.9,86.3,468,174,402,198,37.7,31,5.7,4.2
Lester, Jon,452657,542,11.3,37.1,112.2,87.8,91.9,84.7,457,176,407,187,34.5,40,7.4,5.2
Hendricks, Kyle,543294,538,13.0,33.6,112.5,85.2,90.8,80.7,438,175,398,166,31.0,29,5.4,4.0
Junis, Jakob,596001,537,12.6,35.4,112.8,90.0,92.6,88.4,473,178,409,220,41.0,46,8.6,6.0
Ryu, Hyun-Jin,547943,532,6.0,32.5,115.3,85.3,90.6,81.7,438,148,403,164,30.8,25,4.7,3.5
Perez, Martin,527048,532,9.0,33.8,113.8,85.4,91.5,81.1,444,154,385,158,29.7,28,5.3,3.8
Nola, Aaron,605400,532,8.7,32.9,113.3,88.5,93.9,85.1,445,160,399,210,39.5,36,6.8,4.2
Hudson, Dakota,641712,526,3.0,31.4,114.6,88.7,94.6,85.7,448,139,405,204,38.8,36,6.8,4.8
Corbin, Patrick,571578,524,7.5,31.7,115.0,88.9,95.0,84.1,462,166,420,203,38.7,49,9.4,5.9
Strasburg, Stephen,544931,524,7.2,29.8,113.4,87.3,92.1,84.3,458,150,400,177,33.8,32,6.1,3.8
Eflin, Zach,621107,522,11.1,30.1,112.1,86.7,92.4,82.1,447,170,400,171,32.8,36,6.9,5.1
Wainwright, Adam,425794,520,9.7,32.7,113.6,88.1,92.5,85.4,436,160,395,197,39.2,36,6.9,4.8
Davies, Zach,605200,516,12.8,36.8,113.8,87.4,92.5,83.7,473,180,401,172,33.5,37,7.2,5.5
Sanchez, Anibal,434671,516,14.3,37.8,113.7,86.5,91.4,81.3,436,185,405,146,28.3,34,6.6,4.8
Miley, Wade,489119,513,7.7,30.4,114.3,87.0,91.0,84.2,441,152,388,158,32.3,23,4.5,3.2
Musgrove, Joe,605397,512,11.3,31.6,112.0,88.4,92.5,86.0,449,172,404,198,38.7,33,6.4,4.6
Soroka, Mike,647336,510,5.5,32.4,114.3,87.0,91.9,84.3,455,147,406,191,37.5,26,5.1,3.7
Keller, Brad,641745,508,9.0,32.5,112.5,88.9,93.6,86.3,453,157,405,194,38.2,30,5.9,4.2
Marquez, German,608566,506,6.3,34.2,116.3,90.2,93.6,87.6,469,160,407,218,43.1,40,7.9,5.5
Roark, Tanner,543699,499,15.2,39.3,115.1,88.7,92.3,85.2,462,186,407,179,37.4,43,8.6,6.0
Verlander, Justin,434378,498,18.2,31.5,109.8,87.3,91.9,83.4,436,190,390,157,33.3,39,7.8,4.6
deGrom, Jacob,594798,498,12.0,32.3,111.6,85.8,91.7,81.1,456,168,404,147,30.8,25,5.0,3.1
Teheran, Julio,527054,494,14.7,31.2,113.5,88.2,91.7,85.5,451,184,408,175,35.4,34,6.9,4.5
Boyd, Matthew,571510,491,18.8,33.4,114.9,88.4,92.0,85.9,449,191,398,169,34.7,44,9.0,5.6
Bailey, Homer,456701,490,12.9,31.6,114.7,89.8,93.0,88.3,436,170,393,189,38.7,28,5.7,4.0
Gibson, Kyle,502043,482,6.5,32.8,113.0,87.8,92.9,85.0,465,145,402,182,37.8,36,7.5,5.1
Happ, J.A.,457918,482,13.4,33.4,112.2,88.9,93.6,85.5,447,176,397,180,37.4,40,8.3,5.9
Morton, Charlie,450203,481,9.1,34.3,112.1,86.7,90.7,84.6,431,156,398,156,32.4,24,5.0,3.0
Matz, Steven,571927,479,9.9,31.9,113.6,88.0,92.6,84.9,482,163,408,184,38.5,41,8.6,5.9
Flaherty, Jack,656427,479,15.0,33.4,116.3,86.1,91.2,83.1,431,178,399,145,30.3,33,6.9,4.3
Sparkman, Glenn,642098,478,14.1,39.5,113.6,90.6,94.1,87.6,471,198,405,200,41.8,37,7.7,6.1
Buehler, Walker,621111,478,12.5,34.5,111.3,88.6,92.5,85.4,458,181,396,172,36.0,26,5.4,3.5
Fried, Max,608331,476,3.6,32.4,114.0,88.3,91.8,86.2,451,146,392,183,38.4,21,4.4,3.0
DeSclafani, Anthony,543101,476,11.5,34.2,113.3,88.3,93.2,84.6,474,174,403,179,38.7,36,7.6,5.2
Bundy, Dylan,605164,474,13.7,31.9,113.4,87.7,92.7,83.9,452,173,394,150,31.6,28,5.9,4.0
Kershaw, Clayton,477132,472,11.2,31.4,112.5,87.2,93.1,83.9,442,164,406,153,33.9,32,6.8,4.5
Means, John,607644,472,20.0,37.3,115.3,87.1,90.8,82.5,446,199,403,144,30.5,32,6.8,5.0
Williams, Trevor,592866,472,16.4,35.6,114.1,87.2,92.5,83.1,454,191,399,168,35.6,39,8.3,6.1
Lucchesi, Joey,664192,470,10.2,30.9,113.0,87.2,92.2,84.2,436,163,399,169,36.0,34,7.2,5.0
Castillo, Luis,622491,469,5.1,27.1,112.8,86.4,92.0,83.2,442,137,404,154,33.6,24,5.1,3.1
Cashner, Andrew,488768,466,9.9,31.8,120.6,89.3,94.4,85.7,441,170,407,189,40.6,36,7.7,5.7
Thornton, Trent,663423,462,16.2,38.7,115.4,87.6,93.0,81.6,463,191,399,170,36.8,34,7.4,5.0
Lauer, Eric,641778,457,13.5,32.4,112.6,89.1,93.8,85.7,436,178,397,179,39.3,27,5.9,4.1
Vargas, Jason,450306,456,15.2,33.3,111.3,86.4,92.3,81.1,440,183,401,154,33.8,36,7.9,5.5
Senzatela, Antonio,622608,445,4.3,31.7,114.1,89.1,93.5,87.0,466,146,408,195,43.8,27,6.1,4.6
Norris, Daniel,596057,443,10.9,30.9,112.6,90.2,94.0,87.0,437,176,406,191,43.1,39,8.8,6.4
Cole, Gerrit,543037,440,13.6,33.2,115.2,87.3,92.1,82.9,443,177,394,156,35.5,26,5.9,3.2
Darvish, Yu,506433,435,12.1,32.6,115.5,88.2,93.5,84.1,459,174,405,163,37.5,32,7.4,4.4
Turnbull, Spencer,605513,435,9.5,33.8,114.4,89.2,93.6,86.2,444,165,386,175,40.3,28,6.4,4.3
Gray, Sonny,543243,428,7.9,31.3,115.1,87.1,92.0,84.3,425,151,409,137,33.3,29,6.8,4.1
Gray, Jon,592351,427,7.5,31.6,116.2,88.9,92.9,87.0,470,151,407,186,43.6,25,5.9,3.9
Pineda, Michael,501381,427,16.0,36.3,112.2,88.9,92.9,84.3,454,196,391,151,36.7,31,7.3,5.2
Arrieta, Jake,453562,426,6.3,33.8,114.0,88.7,93.9,85.5,445,151,402,159,37.3,29,6.8,4.9
Odorizzi, Jake,543606,423,17.1,37.1,114.4,87.9,92.3,83.9,462,189,397,150,35.5,33,7.8,5.0
Ray, Robbie,592662,422,12.8,38.9,114.3,86.9,93.2,80.6,448,190,410,163,38.7,45,10.7,6.0
Jurado, Ariel,642558,420,9.0,34.5,115.8,89.1,93.7,85.6,447,168,405,180,43.1,42,10.0,7.8
Sampson, Adrian,592716,417,15.0,33.8,113.6,90.5,93.7,89.2,453,188,405,197,47.2,42,10.1,7.5
Giolito, Lucas,608337,416,17.3,37.3,117.0,87.8,92.8,84.1,473,183,408,144,34.6,39,9.4,5.5
Smith, Caleb,592761,412,22.0,35.2,113.1,87.4,92.5,80.3,471,214,403,146,35.4,45,10.9,7.0
Bassitt, Chris,605135,411,14.3,33.1,111.7,87.0,92.1,84.4,454,175,401,128,31.7,21,5.1,3.4
Sanchez, Aaron,592717,410,8.9,29.5,114.1,89.6,94.7,86.4,476,159,400,170,41.7,31,7.6,5.1
Anderson, Chase,502624,410,18.9,32.7,114.3,86.6,91.3,82.8,457,187,406,129,33.1,27,6.6,4.6
Scherzer, Max,453286,409,13.3,35.2,111.7,87.4,92.0,83.2,445,177,398,144,35.2,27,6.6,3.9
Hamels, Cole,430935,409,10.6,31.1,118.3,89.2,94.5,85.2,454,166,410,166,40.6,31,7.6,5.0
LeBlanc, Wade,453281,408,13.6,38.5,112.6,89.1,93.3,85.4,447,184,397,159,39.0,32,7.8,6.0
Maeda, Kenta,628317,400,14.7,35.5,112.0,85.4,90.5,80.8,457,176,401,115,28.8,22,5.5,3.5
Wacha, Michael,608379,400,9.0,35.3,113.7,87.6,93.1,83.6,482,161,410,142,35.8,31,7.8,5.5
German, Domingo,593334,397,14.9,37.8,118.3,89.1,93.9,84.9,441,189,395,159,40.1,35,8.8,5.9
Lyles, Jordan,543475,397,14.3,31.7,112.7,88.9,93.5,85.8,438,186,401,157,40.8,33,8.3,5.5
Richards, Trevor,670950,392,16.7,34.9,112.2,87.1,92.3,82.2,423,188,390,136,34.7,25,6.4,4.3
Zimmermann, Jordan,519455,391,12.2,37.9,115.6,89.3,94.2,85.3,458,180,394,150,38.4,37,9.5,7.3
Paxton, James,572020,390,17.1,35.1,113.4,88.6,91.8,88.0,433,185,393,149,38.3,29,7.4,4.6
Lopez, Jorge,605347,387,10.0,34.4,115.6,90.3,94.5,86.8,450,173,405,156,40.3,46,11.9,8.4
Mahle, Tyler,641816,387,8.8,33.9,111.7,88.7,92.9,86.0,442,165,398,140,37.6,32,8.3,5.8
Duffy, Danny,518633,386,15.8,33.4,113.1,88.9,92.8,86.1,466,189,417,146,37.8,29,7.5,5.2
Chirinos, Yonny,630023,385,11.2,34.8,111.0,87.5,92.5,84.0,447,175,403,130,33.9,34,8.8,6.4
Paddack, Chris,663978,378,14.9,33.1,113.0,86.9,92.0,83.0,439,178,401,122,32.3,27,7.1,4.8
Beede, Tyler,595881,359,11.5,34.0,114.8,90.8,94.6,87.9,433,179,406,157,43.7,30,8.4,5.7
Brooks, Aaron,605156,356,11.5,32.3,111.5,89.1,93.1,86.9,474,175,405,145,40.8,28,7.9,5.8
Plutko, Adam,592644,354,19.8,37.0,116.0,87.9,92.3,84.2,449,199,396,115,32.5,27,7.6,5.8
Freeland, Kyle,607536,353,9.4,34.0,116.3,88.9,93.0,86.2,451,168,406,140,39.8,31,8.8,6.6
Keuchel, Dallas,572971,348,2.3,26.1,111.0,88.0,94.5,85.4,447,131,406,134,38.5,24,6.9,4.9
Foltynewicz, Mike,592314,347,14.0,30.8,112.6,87.8,92.5,83.8,429,186,393,137,39.5,27,7.8,5.5
Brault, Steven,643230,344,9.1,34.0,112.2,89.0,93.2,86.3,460,174,408,133,38.9,21,6.1,4.2
Plesac, Zach,668676,344,14.2,36.3,114.3,89.1,92.7,86.3,442,187,398,133,38.7,28,8.1,5.9
Strahm, Matt,621381,340,14.7,35.3,112.6,88.0,93.4,82.7,447,188,402,135,39.9,33,9.7,6.8
Smyly, Drew,592767,337,17.3,35.9,114.2,88.6,92.9,83.9,458,206,400,130,38.6,33,9.8,6.4
Lopez, Pablo,641154,336,9.2,32.4,114.2,87.3,91.5,85.1,420,155,395,123,36.6,25,7.4,5.3
Milone, Tommy,543548,334,16.0,39.8,114.8,86.7,92.2,80.4,458,198,403,100,31.3,33,9.9,7.3
Velasquez, Vince,592826,333,16.5,34.2,114.5,89.4,94.1,85.0,459,201,391,134,40.2,34,10.2,6.6
Rodriguez, Dereck,605446,330,12.7,34.5,111.0,88.7,92.7,86.6,437,171,395,118,35.9,23,7.0,5.2
Cahill, Trevor,502239,329,9.6,29.8,115.1,88.6,93.5,85.5,438,165,398,118,37.5,26,7.9,5.7
Beeks, Jalen,656222,326,9.6,35.0,114.7,87.8,93.0,83.9,443,165,408,117,35.9,24,7.4,5.2
Archer, Chris,502042,324,13.2,40.7,112.1,88.0,92.8,83.0,436,189,401,128,39.5,34,10.5,6.5
Quantrill, Cal,615698,323,11.2,33.4,111.9,86.9,90.8,83.3,433,168,401,105,32.6,23,7.1,5.2
Lambert, Peter,663567,321,6.5,36.8,113.1,88.9,94.0,84.9,472,167,406,127,39.6,20,6.2,4.8
Sabathia, CC,282332,318,14.4,36.5,114.3,86.4,90.3,83.1,432,182,387,97,30.7,26,8.2,5.6
Chacin, Jhoulys,468504,318,16.3,35.2,112.1,88.5,94.4,84.9,463,188,403,134,42.3,25,7.9,5.3
Anderson, Shaun,641312,317,10.5,40.1,112.8,86.8,91.9,82.8,454,170,408,117,37.1,23,7.3,5.4
Woodruff, Brandon,605540,315,12.3,38.1,113.3,85.6,89.9,82.6,450,167,410,95,30.2,13,4.1,2.6
Houser, Adrian,605288,303,4.4,30.0,110.4,86.0,92.5,82.7,448,144,398,106,35.0,15,5.0,3.2
Gausman, Kevin,592332,300,11.8,40.3,113.9,86.9,92.1,81.3,432,180,397,105,35.5,24,8.0,5.3
Price, David,456034,295,12.4,36.9,113.2,88.0,93.3,83.2,453,180,405,113,38.3,24,8.1,5.2
Montgomery, Mike,543557,294,6.3,35.0,112.6,89.7,94.4,85.5,486,172,407,129,44.0,24,8.2,6.0
Clevinger, Mike,605182,291,12.9,37.1,113.5,86.1,92.3,80.2,442,175,401,99,34.0,17,5.8,3.4
Godley, Zack,643327,289,11.1,37.0,113.8,89.0,93.4,85.8,469,173,410,103,35.6,24,8.3,5.9
Pivetta, Nick,601713,289,10.6,36.0,113.2,88.6,92.3,85.5,439,173,387,101,34.9,29,10.0,6.9
Urena, Jose,570632,279,8.4,33.3,113.0,90.1,93.9,87.9,446,157,390,108,38.7,22,7.9,6.0
Pomeranz, Drew,519141,270,13.5,35.9,111.0,88.7,93.0,85.0,449,183,400,96,35.8,24,8.9,5.3
Pena, Felix,570240,266,13.0,34.2,112.1,88.7,93.4,85.5,429,172,399,98,36.8,19,7.1,4.7
Hess, David,605276,265,17.4,43.4,115.4,91.5,96.0,86.3,443,208,398,131,49.4,35,13.2,9.6
Clarke, Taylor,664199,265,15.8,30.9,114.3,88.9,94.4,84.7,458,188,406,104,39.4,32,12.1,8.7
Montas, Frankie,593423,264,9.7,32.6,111.4,86.8,93.5,83.0,440,149,399,91,34.5,10,3.8,2.5
Tomlin, Josh,458708,262,17.2,33.2,111.9,88.1,92.1,83.7,424,194,398,87,33.2,17,6.5,5.3
Barria, Jaime,642545,261,18.2,41.0,112.9,89.3,93.3,84.9,462,209,402,106,40.6,28,10.7,7.7
Suarez, Jose,660761,260,16.0,36.2,116.2,87.8,93.0,84.0,451,189,395,97,37.3,23,8.8,6.1
Fedde, Erick,607200,258,5.9,34.1,112.0,87.9,92.6,84.8,438,153,398,103,39.9,19,7.4,5.7
Stripling, Ross,548389,255,10.2,24.3,117.4,88.4,93.7,85.9,415,155,401,98,38.4,17,6.7,4.6
Agrazal, Dario,642607,252,13.9,34.9,112.1,86.6,92.3,82.4,459,179,399,75,29.8,17,6.7,5.3
Gonzalez, Gio,461829,251,8.9,34.3,112.7,86.3,92.5,80.8,449,162,404,73,30.8,17,6.8,4.6
Canning, Griffin,656288,250,16.1,31.6,110.6,87.0,91.9,82.6,439,190,405,80,32.0,19,7.6,4.9
Stammen, Craig,489334,249,5.5,31.3,112.4,86.7,91.4,83.0,436,158,394,84,33.7,13,5.2,3.8
Jackson, Edwin,429719,249,11.2,40.2,115.7,90.3,95.4,85.7,450,189,392,107,43.0,30,12.0,8.9
Young, Alex,622065,247,9.4,27.9,109.1,87.0,91.7,83.9,429,158,407,88,35.6,18,7.3,5.2
Holland, Derek,502706,245,12.7,31.4,113.9,89.3,94.5,84.3,467,185,412,102,42.1,30,12.2,8.0
Wojciechowski, Asher,592879,244,21.4,34.4,111.3,87.6,92.7,82.9,443,212,397,89,36.5,26,10.7,7.2
Stratton, Chris,608717,242,11.7,36.0,111.9,88.3,92.8,84.5,441,176,402,77,34.7,15,6.2,4.4
Detwiler, Ross,446321,239,9.6,30.1,113.7,89.6,94.8,86.3,482,169,406,97,40.6,23,9.6,7.3
Ramirez, Nick,598286,238,10.7,31.9,112.8,86.0,92.1,82.3,436,162,404,71,30.0,18,7.6,5.2
Waguespack, Jacob,621097,238,14.8,35.7,114.9,89.1,93.0,87.2,436,180,407,90,37.8,17,7.1,5.1
Chavez, Jesse,445926,238,12.9,34.5,114.5,87.7,93.4,83.0,433,175,408,82,34.5,21,8.8,6.2
Hernandez, Felix,433587,237,10.6,31.2,112.7,91.4,95.5,89.2,450,171,397,99,41.8,24,10.1,7.4
Cessa, Luis,570666,234,10.6,30.8,109.1,88.3,91.4,86.4,425,160,383,82,35.2,12,5.1,3.5
Hernandez, Elieser,622694,233,20.5,30.5,110.0,85.9,92.6,79.1,424,194,393,74,31.8,21,9.0,5.9
Font, Wilmer,521655,229,17.3,32.3,110.7,89.0,93.9,84.3,420,190,391,83,37.1,22,9.6,6.2
Lorenzen, Michael,547179,228,10.5,32.9,108.0,84.5,89.3,81.0,426,166,383,66,29.7,7,3.1,2.0
Peralta, Freddy,642547,228,17.4,36.8,109.7,88.7,94.5,83.6,462,193,398,88,38.6,22,9.6,5.8
Guerra, Junior,448855,227,13.0,30.4,113.2,85.6,92.4,81.5,445,170,401,64,29.5,14,6.2,4.1
Petit, Yusmeiro,433589,227,20.5,32.2,111.2,86.6,92.7,78.5,430,194,396,78,34.8,17,7.5,5.5
Skaggs, Tyler,572140,227,15.5,37.0,113.6,88.1,91.9,85.8,472,185,416,75,33.2,14,6.2,4.2
Perdomo, Luis,606131,221,4.8,27.6,109.8,89.4,93.3,86.5,455,148,411,93,42.3,9,4.1,3.0
Chen, Wei-Yin,612672,221,13.6,40.3,111.9,88.9,92.9,85.8,454,194,395,90,40.7,19,8.6,6.2
Bettis, Chad,518452,219,2.2,26.5,115.6,89.6,95.9,87.4,425,123,396,90,41.1,12,5.5,4.2
Walden, Marcus,519393,214,7.1,30.8,112.3,89.1,92.1,89.0,435,148,419,74,34.6,6,2.8,1.8
Guerra, Javy,457915,212,16.9,34.4,114.1,88.7,93.0,85.6,440,195,401,80,37.7,17,8.0,5.9
Urias, Julio,628711,209,17.8,34.9,113.2,83.2,88.6,81.6,412,165,397,52,24.9,9,4.3,2.8
Hoffman, Jeff,656546,209,15.1,33.0,113.2,89.4,95.2,82.9,474,197,414,86,41.1,27,12.9,8.6
Covey, Dylan,592229,208,10.3,38.5,115.5,88.7,93.2,84.8,437,172,394,77,37.0,20,9.6,7.2
Chatwood, Tyler,543022,208,4.8,36.1,117.0,87.3,90.2,86.7,418,140,390,74,35.6,6,2.9,1.9
Hughes, Jared,453172,206,0.7,26.2,111.4,88.5,94.8,85.1,427,134,387,70,34.8,15,7.3,5.2
Yamamoto, Jordan,657141,202,17.2,30.7,112.3,89.9,93.3,89.3,445,186,389,78,38.8,13,6.4,4.0
Ross, Joe,605452,201,9.3,36.8,110.0,86.8,92.5,82.3,435,172,408,72,35.8,14,7.0,4.7
Liriano, Francisco,434538,200,8.6,28.5,110.1,84.6,91.0,80.2,454,146,398,57,28.6,10,5.0,3.3
Andriese, Matt,542882,200,7.0,33.5,113.0,88.3,92.6,85.7,459,156,401,67,33.5,13,6.5,4.2
Margevicius, Nick,676606,199,8.9,35.7,110.7,87.1,92.2,82.9,464,169,404,69,34.7,14,7.0,5.3
Gonzalez, Chi Chi,592346,198,11.1,34.3,111.1,87.1,92.4,82.7,441,168,409,74,37.4,11,5.6,4.0
Gallen, Zac,668678,198,13.7,32.8,112.6,87.0,93.2,80.6,456,182,397,70,35.4,11,5.6,3.3
Soto, Gregory,642397,198,8.1,31.3,115.1,90.5,92.8,89.0,441,165,391,83,42.8,20,10.1,7.2
Conley, Adam,543045,197,16.0,32.5,110.2,87.2,92.0,83.4,455,176,413,74,37.6,13,6.6,4.6
Osich, Josh,592612,196,9.7,34.2,111.1,87.8,92.1,82.9,447,177,401,71,36.2,15,7.7,5.5
Newcomb, Sean,656794,196,11.0,28.6,112.2,86.9,90.9,84.4,442,163,411,60,30.6,9,4.6,3.1
McFarland, T.J.,519008,194,-0.3,30.4,114.3,87.3,94.3,83.3,458,126,427,77,40.1,12,6.2,4.8
Eovaldi, Nathan,543135,194,11.0,32.0,115.2,90.6,92.1,90.0,438,167,384,79,40.7,17,8.8,5.6
Mengden, Daniel,596043,191,18.7,30.9,112.6,88.9,92.1,88.0,417,180,388,69,36.1,11,5.8,4.2
Bradley, Archie,605151,189,11.5,39.2,113.6,88.2,93.3,84.9,423,165,401,72,38.1,9,4.8,2.8
Lugo, Seth,607625,189,14.3,29.6,111.8,87.8,92.4,84.7,437,178,391,62,33.2,10,5.3,3.2
Gsellman, Robert,607229,188,11.8,29.8,108.4,85.3,89.7,81.9,424,154,391,58,30.9,7,3.7,2.5
Kingham, Nick,592468,188,12.9,35.1,111.8,86.6,92.8,80.9,456,179,411,64,34.0,15,8.0,5.8
Brebbia, John,605154,187,23.9,35.8,111.9,87.8,91.5,84.3,413,212,384,69,37.7,10,5.3,3.3
Suero, Wander,593833,186,10.4,37.6,113.1,88.5,92.2,85.8,419,172,402,62,33.3,11,5.9,3.7
Erlin, Robbie,572362,183,9.3,36.6,112.6,87.4,92.1,85.3,424,162,408,65,35.5,11,6.0,4.4
Swanson, Erik,657024,179,16.3,33.5,114.3,90.8,94.9,87.0,453,189,402,74,41.3,22,12.3,9.0
Castillo, Diego,650895,178,8.0,22.5,110.7,87.1,91.4,85.2,430,138,415,57,32.0,10,5.6,3.4
Doolittle, Sean,448281,177,23.8,34.5,112.6,90.1,93.5,86.7,456,219,408,73,41.5,15,8.5,5.8
Gant, John,607231,175,9.4,34.9,111.6,87.0,88.9,86.7,414,146,388,54,31.2,5,2.9,1.9
Eickhoff, Jerad,595191,174,15.2,36.2,110.8,87.8,95.3,80.2,441,205,393,68,39.1,19,10.9,7.8
Cishek, Steve,518553,174,11.4,29.3,113.0,84.5,89.9,81.3,445,157,409,45,25.9,10,5.7,3.7
Weaver, Luke,596133,174,14.0,34.5,115.0,89.3,94.3,86.8,446,179,402,72,41.4,11,6.3,4.2
Lamet, Dinelson,659275,173,14.9,37.0,113.3,86.9,91.9,81.5,455,185,402,59,34.1,14,8.1,4.5
Green, Chad,643338,172,17.1,41.9,113.3,91.5,95.6,89.3,446,198,383,78,45.3,20,11.6,6.8
Ryan, Kyle,594986,171,5.9,27.5,114.4,88.6,91.7,87.8,420,143,384,72,42.1,6,3.5,2.3
Iglesias, Raisel,628452,167,20.2,38.9,111.4,87.2,92.8,81.5,419,199,380,54,32.9,13,7.8,4.7
Gallegos, Giovanny,606149,167,19.7,31.7,115.0,88.4,92.3,85.1,440,191,406,59,35.5,13,7.8,4.7
Velazquez, Hector,584171,167,15.6,37.7,112.9,88.1,93.2,86.1,429,174,393,62,37.3,13,7.8,5.3
Parker, Blake,453284,165,14.2,42.4,114.7,88.0,92.4,84.7,444,189,402,65,39.4,15,9.1,5.9
Civale, Aaron,650644,164,15.0,31.1,113.8,86.6,90.3,84.0,409,170,396,54,32.9,4,2.4,1.8
Jansen, Kenley,445276,163,18.4,33.7,114.1,84.6,90.2,79.6,435,183,408,42,26.1,10,6.1,3.8
Garcia, Yimi,554340,161,22.5,29.8,113.2,86.6,91.9,78.9,479,206,404,44,27.3,12,7.5,4.9
Grace, Matt,594840,159,6.4,36.5,113.5,90.2,94.7,86.5,432,169,407,74,46.5,19,11.9,9.2
Pagan, Emilio,641941,157,21.2,28.7,113.7,89.3,94.0,86.6,461,197,392,54,34.4,10,6.4,3.7
Miller, Shelby,571946,157,13.7,34.4,114.9,89.6,93.0,86.8,472,188,423,61,39.1,12,7.6,5.5
Jeffress, Jeremy,502026,157,7.6,33.8,109.6,86.2,90.2,83.5,439,157,418,56,36.4,9,5.7,4.0
Neris, Hector,593576,156,12.3,34.0,112.3,88.2,93.8,85.3,432,165,396,55,35.3,11,7.1,4.0
Stephenson, Robert,596112,156,18.8,34.0,109.8,86.7,91.2,82.3,420,192,388,41,26.8,8,5.1,3.1
Allard, Kolby,663465,153,9.7,30.7,110.8,87.9,92.2,85.4,427,153,402,55,35.9,4,2.6,1.9
Elias, Roenis,606273,150,14.9,41.3,114.4,88.0,93.2,81.6,416,198,392,53,37.3,14,9.3,6.5
Brach, Brad,542960,150,14.3,30.7,110.7,88.0,90.8,87.2,406,176,379,55,36.7,6,4.0,2.5
Suarez, Ranger,624133,150,4.3,33.3,112.4,86.3,89.2,84.8,421,146,387,52,34.7,8,5.3,3.9
Nicasio, Juan,504379,149,8.7,36.9,111.0,88.5,92.2,85.4,444,157,409,58,38.9,13,8.7,6.0
Garcia, Jarlin,606424,149,11.3,28.9,112.1,87.5,92.4,84.4,400,163,386,47,31.8,9,6.0,4.4
Hill, Rich,448179,148,8.5,28.4,106.2,84.6,92.0,79.6,425,155,388,41,27.7,7,4.7,2.9
Wisler, Matt,605538,145,14.9,32.4,112.6,87.7,92.8,83.8,423,192,396,50,34.5,9,6.2,4.0
Keller, Mitch,656605,145,10.5,42.8,115.7,87.2,92.3,82.2,402,170,392,42,35.3,11,7.6,4.8
Burnes, Corbin,669203,145,9.7,35.9,114.4,89.0,92.3,86.9,453,170,408,58,40.3,17,11.7,7.2
McKay, Brendan,656713,144,16.7,36.1,109.7,90.5,93.4,89.1,414,199,385,64,44.4,15,10.4,6.9
Oberg, Scott,623184,142,6.9,28.9,114.7,87.2,92.9,84.2,439,150,412,52,36.6,9,6.3,4.0
Glasnow, Tyler,607192,140,10.5,28.6,112.1,87.4,92.1,84.6,451,159,415,45,32.1,8,5.7,3.5
Smith, Will,519293,140,13.5,33.6,108.0,88.9,91.4,87.4,467,172,406,55,39.3,9,6.4,3.5
Kelly, Joe,523260,139,0.9,27.3,113.5,89.1,95.2,86.6,429,126,398,55,40.4,8,5.8,3.5
Kinley, Tyler,641755,138,14.8,37.0,110.2,87.6,92.3,84.1,400,172,387,45,32.6,6,4.3,2.7
Gott, Trevor,641627,138,12.9,32.6,110.5,88.2,93.0,86.1,434,176,424,51,37.0,9,6.5,4.2
Holmes, Clay,605280,138,0.0,31.2,109.2,87.9,93.9,84.5,422,134,409,53,39.6,7,5.1,2.9
Barnes, Matt,598264,134,10.0,31.3,111.6,89.0,91.7,87.8,432,164,385,45,33.6,7,5.2,2.5
Vazquez, Felipe,553878,129,13.9,38.0,112.4,86.9,89.8,86.0,467,174,410,48,37.5,9,7.0,3.8
Drake, Oliver,543118,129,7.5,27.1,114.4,88.5,93.9,85.3,429,153,385,51,39.8,9,7.0,4.1
Hader, Josh,623352,127,26.7,34.6,110.0,90.4,93.4,90.1,432,228,403,50,42.0,16,12.6,5.5
Ponce de Leon, Daniel,594965,123,14.7,25.2,109.1,87.9,90.9,87.7,422,165,406,35,28.5,8,6.5,3.9
Ferguson, Caleb,657571,117,14.6,41.9,111.5,86.4,90.5,82.1,443,190,403,39,33.3,8,6.8,3.9
Rainey, Tanner,663432,98,6.1,28.6,112.2,89.2,95.3,86.1,425,155,397,43,43.9,8,8.2,3.7